/*
SQLyog Ultimate v9.50 
MySQL - 5.6.24 : Database - gudang-beras
*********************************************************************
*/

/*!40101 SET NAMES utf8 */;

/*!40101 SET SQL_MODE=''*/;

/*!40014 SET @OLD_UNIQUE_CHECKS=@@UNIQUE_CHECKS, UNIQUE_CHECKS=0 */;
/*!40014 SET @OLD_FOREIGN_KEY_CHECKS=@@FOREIGN_KEY_CHECKS, FOREIGN_KEY_CHECKS=0 */;
/*!40101 SET @OLD_SQL_MODE=@@SQL_MODE, SQL_MODE='NO_AUTO_VALUE_ON_ZERO' */;
/*!40111 SET @OLD_SQL_NOTES=@@SQL_NOTES, SQL_NOTES=0 */;
CREATE DATABASE /*!32312 IF NOT EXISTS*/`gudang-beras` /*!40100 DEFAULT CHARACTER SET latin1 */;

USE `gudang-beras`;

/*Table structure for table `bahan_baku` */

DROP TABLE IF EXISTS `bahan_baku`;

CREATE TABLE `bahan_baku` (
  `id_bahan_baku` varchar(24) NOT NULL,
  `tanggal_terdaftar` date NOT NULL,
  `barang_produksi` varchar(24) NOT NULL,
  `harga_produksi` double NOT NULL,
  PRIMARY KEY (`id_bahan_baku`)
) ENGINE=InnoDB DEFAULT CHARSET=latin1;

/*Data for the table `bahan_baku` */

insert  into `bahan_baku`(`id_bahan_baku`,`tanggal_terdaftar`,`barang_produksi`,`harga_produksi`) values ('RSP001112019018','2019-11-02','BRG001102019004',560000),('RSP012102019010','2019-11-08','BRG007112019007',550000),('RSP012102019012','2019-10-12','',0),('RSP012112019019','2019-11-12','BRG001102019004',15000),('RSP012112019020','2019-11-12','BRG012112019008',20000),('RSP019112019021','2019-11-19','BRG018112019010',50000),('RSP030102019016','2019-10-30','BRG001102019004',100000),('RSP031102019017','2019-10-31','BRG015102019006',600000);

/*Table structure for table `barang` */

DROP TABLE IF EXISTS `barang`;

CREATE TABLE `barang` (
  `id_barang` varchar(24) NOT NULL,
  `nama_barang` varchar(64) NOT NULL,
  `qty` double NOT NULL,
  `id_satuan` int(4) NOT NULL,
  `jenis_barang` int(4) NOT NULL,
  `harga` double NOT NULL,
  `ppn` int(4) NOT NULL,
  `nominal_ppn` double NOT NULL,
  `harga_jual` double NOT NULL,
  `ppn_jual` int(4) NOT NULL,
  `nominal_ppn_jual` double NOT NULL,
  PRIMARY KEY (`id_barang`)
) ENGINE=InnoDB DEFAULT CHARSET=latin1;

/*Data for the table `barang` */

insert  into `barang`(`id_barang`,`nama_barang`,`qty`,`id_satuan`,`jenis_barang`,`harga`,`ppn`,`nominal_ppn`,`harga_jual`,`ppn_jual`,`nominal_ppn_jual`) values ('BRG001102019003','Karung 5 kg',211,3,1,15000,0,0,16000,0,0),('BRG001102019004','Beras 5 Kg',698.5,1,2,25000,1,2500,30000,1,3000),('BRG007112019007','Beras 15 Kg',40.5,3,2,70000,1,7000,90000,1,9000),('BRG009102019005','Bekatul 5 kg',93,3,3,25000,1,2500,30000,0,0),('BRG012112019008','Beras Super',91,1,2,50000,0,0,75000,1,7500),('BRG015102019006','Padi 10kg',163.75,3,1,20000,1,2000,25000,1,2500),('BRG018112019009','Karung 20 kg',500,1,1,50000,1,5000,70000,1,7000),('BRG018112019010','Beras 20 kg',65,1,2,60000,0,0,80000,0,0),('BRG030092019002','Karung 10 kg',150,3,1,15000,0,0,20000,0,0);

/*Table structure for table `customer` */

DROP TABLE IF EXISTS `customer`;

CREATE TABLE `customer` (
  `id_customer` varchar(24) NOT NULL,
  `nama_customer` varchar(64) NOT NULL,
  `alamat` text NOT NULL,
  `telephone` varchar(16) NOT NULL,
  `email` varchar(64) NOT NULL,
  `tanggal_terdaftar` date NOT NULL,
  PRIMARY KEY (`id_customer`)
) ENGINE=InnoDB DEFAULT CHARSET=latin1;

/*Data for the table `customer` */

insert  into `customer`(`id_customer`,`nama_customer`,`alamat`,`telephone`,`email`,`tanggal_terdaftar`) values ('CTM025102019002','Toko Pak Jaya','Banyumas','089999000888','jaya@gmail.com','2019-10-25'),('CTM027092019001','Toko Pak Budi','Podorejo','085777888999','budi@gmail.com','2019-09-27');

/*Table structure for table `detail_bahan_baku` */

DROP TABLE IF EXISTS `detail_bahan_baku`;

CREATE TABLE `detail_bahan_baku` (
  `id_detail_bahan_baku` int(4) NOT NULL AUTO_INCREMENT,
  `id_bahan_baku` varchar(24) NOT NULL,
  `id_barang_bahan_baku` varchar(24) NOT NULL,
  `qty` int(8) NOT NULL,
  PRIMARY KEY (`id_detail_bahan_baku`)
) ENGINE=InnoDB AUTO_INCREMENT=55 DEFAULT CHARSET=latin1;

/*Data for the table `detail_bahan_baku` */

insert  into `detail_bahan_baku`(`id_detail_bahan_baku`,`id_bahan_baku`,`id_barang_bahan_baku`,`qty`) values (4,'RSP012102019012','BRG030092019002',2),(9,'RSP030102019016','BRG001102019003',4),(10,'RSP030102019016','BRG030092019002',2),(22,'RSP031102019017','BRG001102019003',2),(44,'RSP001112019018','BRG001102019003',8),(45,'RSP001112019018','BRG015102019006',6),(46,'RSP001112019018','BRG030092019002',2),(47,'RSP012102019010','BRG001102019003',2),(48,'RSP012102019010','BRG015102019006',1),(49,'RSP012112019019','BRG001102019003',1),(50,'RSP012112019019','BRG015102019006',1),(51,'RSP012112019020','BRG015102019006',2),(52,'RSP012112019020','BRG030092019002',1),(53,'RSP019112019021','BRG001102019003',4),(54,'RSP019112019021','BRG015102019006',2);

/*Table structure for table `detail_pembelian` */

DROP TABLE IF EXISTS `detail_pembelian`;

CREATE TABLE `detail_pembelian` (
  `id_detail_pembelian` int(4) NOT NULL AUTO_INCREMENT,
  `id_pembelian` varchar(24) NOT NULL,
  `id_barang` varchar(24) NOT NULL,
  `qty` double NOT NULL,
  `harga` double NOT NULL,
  `ppn_item` int(4) DEFAULT NULL,
  `nominal_ppn_item` double DEFAULT NULL,
  `rafaksi` double NOT NULL,
  `qty_rafaksi` double NOT NULL,
  `nominal_qty_rafaksi` double NOT NULL,
  `harga_rafaksi` double NOT NULL,
  `nominal_harga_rafaksi` double NOT NULL,
  `sub_total_harga` double NOT NULL,
  PRIMARY KEY (`id_detail_pembelian`)
) ENGINE=InnoDB AUTO_INCREMENT=86 DEFAULT CHARSET=latin1;

/*Data for the table `detail_pembelian` */

insert  into `detail_pembelian`(`id_detail_pembelian`,`id_pembelian`,`id_barang`,`qty`,`harga`,`ppn_item`,`nominal_ppn_item`,`rafaksi`,`qty_rafaksi`,`nominal_qty_rafaksi`,`harga_rafaksi`,`nominal_harga_rafaksi`,`sub_total_harga`) values (45,'PBL025102019001','BRG001102019004',5,25000,1,2500,0,0,0,0,0,137500),(46,'PBL025102019001','BRG009102019005',5,25000,1,2500,0,0,0,0,0,137500),(47,'PBL025102019001','BRG001102019003',5,15000,0,0,0,0,0,0,0,75000),(48,'PBL025102019002','BRG015102019006',10,20000,1,2000,0,0,0,0,0,220000),(49,'PBL025102019002','BRG001102019004',10,25000,1,2500,0,0,0,0,0,275000),(50,'PBL025102019002','BRG009102019005',5,25000,1,2500,0,0,0,0,0,137500),(51,'PBL025102019003','BRG030092019002',50,15000,0,1500,0,0,0,0,0,825000),(52,'PBL025102019003','BRG009102019005',20,25000,0,0,0,0,0,0,0,500000),(53,'PBL025102019003','BRG015102019006',25,20000,1,2000,0,0,0,0,0,550000),(54,'PBL008112019004','BRG001102019004',100,25000,0,0,0,0,0,0,0,2500000),(55,'PBL008112019004','BRG015102019006',50,20000,1,2000,0,0,0,0,0,1100000),(56,'PBL012112019005','BRG012112019008',2,50000,1,5000,0,0,0,0,0,110000),(57,'PBL012112019005','BRG001102019003',1,15000,1,1500,0,0,0,0,0,16500),(58,'PBL012112019005','BRG007112019007',3,70000,1,7000,0,0,0,0,0,231000),(59,'PBL012112019005','BRG001102019004',5,25000,1,2500,0,0,0,0,0,137500),(60,'PBL012112019005','BRG030092019002',2,15000,1,1500,0,0,0,0,0,33000),(61,'PBL019112019006','BRG001102019003',5,15000,0,0,0,0,0,0,0,75000),(62,'PBL020112019007','BRG012112019008',505,50000,0,0,0,0,0,0,0,25250000),(63,'PBL020112019008','BRG012112019008',505,50000,0,0,0,0,0,0,0,25250000),(64,'PBL020112019009','BRG012112019008',2.5,50000,0,0,0,0,0,0,0,125000),(65,'PBL023112019010','BRG001102019003',2,15000,0,0,0,0,0,0,0,30000),(66,'PBL023112019011','BRG001102019003',2,15000,0,0,0,0,0,0,0,30000),(67,'PBL023112019012','BRG001102019003',5,15000,0,0,0,0,0,0,0,75000),(68,'PBL023112019013','BRG001102019003',2,15000,NULL,0,0,0,0,0,0,30000),(69,'PBL023112019014','BRG001102019003',2,15000,NULL,0,0,0,0,0,0,55000),(70,'PBL023112019015','BRG001102019003',3,15000,NULL,0,0,0,0,0,0,45000),(71,'PBL023112019016','BRG001102019003',6,15000,NULL,0,0,0,0,0,0,90000),(72,'PBL023112019017','BRG001102019003',5,15000,NULL,0,0,0,0,0,0,75000),(73,'PBL023112019018','BRG001102019003',5,15000,NULL,0,0,0,0,0,0,75000),(74,'PBL023112019019','BRG001102019003',5,15000,NULL,0,0,0,0,0,0,75000),(75,'PBL023112019020','BRG001102019003',5,15000,NULL,0,0,0,0,0,0,75000),(76,'PBL023112019021','BRG001102019003',5,15000,NULL,0,0,0,0,0,0,75000),(77,'PBL023112019022','BRG009102019005',5,25000,1,2500,0,0,0,0,0,137500),(78,'PBL023112019023','BRG012112019008',5,50000,NULL,0,0,0,0,0,0,250000),(79,'PBL028112019024','BRG001102019003',100,15000,NULL,0,0,0,0,0,0,1500000),(80,'PBL028112019024','BRG001102019004',50,25000,1,2500,0,0,0,0,0,1375000),(81,'PBL028112019025','BRG001102019003',50,15000,NULL,0,0,0,0,0,0,750000),(82,'PBL029112019026','BRG001102019003',2,15000,NULL,0,0,0,0,0,0,30000),(83,'PBL012122019027','BRG001102019003',10,10000,NULL,0,10,1,9,1000,9000,81000),(84,'PBL012122019027','BRG001102019004',10,20000,NULL,0,0,0,0,0,0,200000),(85,'PBL013122019028','BRG001102019003',5,13450,NULL,0,25,1.25,3.75,33625,100875,37828125);

/*Table structure for table `detail_penjualan` */

DROP TABLE IF EXISTS `detail_penjualan`;

CREATE TABLE `detail_penjualan` (
  `id_detail_penjualan` int(4) NOT NULL AUTO_INCREMENT,
  `id_penjualan` varchar(24) NOT NULL,
  `id_barang` varchar(24) NOT NULL,
  `qty` double NOT NULL,
  `harga` double NOT NULL,
  `ppn_item` int(4) DEFAULT NULL,
  `nominal_ppn_item` double DEFAULT NULL,
  `sub_total_harga` double NOT NULL,
  PRIMARY KEY (`id_detail_penjualan`)
) ENGINE=InnoDB AUTO_INCREMENT=30 DEFAULT CHARSET=latin1;

/*Data for the table `detail_penjualan` */

insert  into `detail_penjualan`(`id_detail_penjualan`,`id_penjualan`,`id_barang`,`qty`,`harga`,`ppn_item`,`nominal_ppn_item`,`sub_total_harga`) values (1,'PJL017112019001','BRG001102019003',5,16000,0,0,80000),(2,'PJL017112019002','BRG001102019003',2,16000,0,0,32000),(3,'PJL017112019003','BRG001102019003',2,16000,0,0,32000),(4,'PJL017112019003','BRG001102019004',2,30000,1,3000,66000),(5,'PJL018112019004','BRG007112019007',2,90000,1,9000,198000),(6,'PJL018112019004','BRG009102019005',2,30000,0,0,60000),(7,'PJL019112019005','BRG001102019003',25,16000,0,0,400000),(8,'PJL019112019006','BRG001102019004',25,30000,1,3000,825000),(9,'PJL019112019007','BRG001102019004',25,30000,1,3000,825000),(10,'PJL019112019008','BRG001102019004',5,30000,1,3000,165000),(11,'PJL019112019009','BRG001102019004',5,30000,1,3000,165000),(12,'PJL020112019010','BRG001102019004',5,30000,1,3000,165000),(13,'PJL020112019011','BRG001102019004',25,30000,1,3000,82500),(14,'PJL023112019012','BRG001102019003',5,16000,NULL,0,80000),(15,'PJL023112019013','BRG001102019003',5,16000,NULL,0,80000),(16,'PJL023112019014','BRG001102019003',5,16000,NULL,0,80000),(17,'PJL023112019015','BRG001102019003',5,16000,NULL,0,80000),(18,'PJL023112019016','BRG001102019003',5,16000,NULL,0,80000),(19,'PJL023112019017','BRG001102019003',2,16000,NULL,0,32000),(20,'PJL023112019018','BRG001102019003',2,16000,NULL,0,32000),(21,'PJL024112019019','BRG001102019003',3,16000,NULL,0,48000),(22,'PJL024112019019','BRG001102019004',2,30000,1,3000,66000),(23,'PJL024112019019','BRG009102019005',1,30000,NULL,0,30000),(24,'PJL024112019020','BRG007112019007',5.5,90000,1,9000,544500),(25,'PJL027112019021','BRG001102019004',2,30000,1,3000,66000),(26,'PJL029112019022','BRG007112019007',2,90000,1,9000,198000),(27,'PJL029112019023','BRG012112019008',1,75000,1,7500,82500),(28,'PJL030112019024','BRG001102019004',2,30000,1,3000,66000),(29,'PJL013122019025','BRG007112019007',5,90000,NULL,0,450000);

/*Table structure for table `detail_produksi` */

DROP TABLE IF EXISTS `detail_produksi`;

CREATE TABLE `detail_produksi` (
  `id_detail_produksi` int(4) NOT NULL AUTO_INCREMENT,
  `id_produksi` varchar(24) NOT NULL,
  `id_barang_bahan_baku` varchar(24) NOT NULL,
  `qty` double NOT NULL,
  `total` double NOT NULL,
  PRIMARY KEY (`id_detail_produksi`)
) ENGINE=InnoDB AUTO_INCREMENT=27 DEFAULT CHARSET=latin1;

/*Data for the table `detail_produksi` */

insert  into `detail_produksi`(`id_detail_produksi`,`id_produksi`,`id_barang_bahan_baku`,`qty`,`total`) values (1,'PRD003112019005','BRG001102019003',10,40),(2,'PRD003112019005','BRG015102019006',5,20),(3,'PRD003112019006','BRG001102019003',2,4),(4,'PRD003112019006','BRG015102019006',1,2),(5,'PRD003112019007','BRG001102019003',2,4),(6,'PRD003112019007','BRG015102019006',1,2),(7,'PRD003112019008','BRG001102019003',1,2),(8,'PRD003112019009','BRG030092019002',1,2),(9,'PRD003112019010','BRG001102019003',2,10),(10,'PRD008112019011','BRG001102019003',2,10),(11,'PRD008112019012','BRG030092019002',2,10),(12,'PRD012112019013','BRG015102019006',2,10),(13,'PRD012112019013','BRG030092019002',1,5),(14,'PRD012112019014','BRG001102019003',8,48),(15,'PRD012112019014','BRG015102019006',6,36),(16,'PRD012112019014','BRG030092019002',2,12),(17,'PRD019112019015','BRG001102019003',4,8),(18,'PRD019112019015','BRG015102019006',2,4),(19,'PRD020112019016','BRG015102019006',1.5,3),(20,'PRD020112019016','BRG030092019002',1.25,3),(21,'PRD021112019017','BRG015102019006',1.5,2.25),(22,'PRD021112019017','BRG030092019002',1,1.5),(23,'PRD024112019018','BRG001102019003',4,12),(24,'PRD024112019019','BRG001102019003',1,2),(25,'PRD024112019019','BRG015102019006',1,2),(26,'PRD024112019020','BRG001102019003',2,2);

/*Table structure for table `monitoring` */

DROP TABLE IF EXISTS `monitoring`;

CREATE TABLE `monitoring` (
  `id` int(8) NOT NULL AUTO_INCREMENT,
  `periode` varchar(8) NOT NULL,
  `id_barang` varchar(24) NOT NULL,
  `stok_periode` double NOT NULL,
  PRIMARY KEY (`id`)
) ENGINE=InnoDB AUTO_INCREMENT=12 DEFAULT CHARSET=latin1;

/*Data for the table `monitoring` */

insert  into `monitoring`(`id`,`periode`,`id_barang`,`stok_periode`) values (1,'2019-09','BRG001102019003',50),(2,'2019-08','BRG007112019007',47.5),(3,'2019-11','BRG001102019003',151),(4,'2019-11','BRG012112019008',4),(5,'2019-11','BRG001102019004',48),(6,'2019-11','BRG015102019006',2),(7,'2019-11','BRG009102019005',1),(8,'2019-11','BRG007112019007',2),(9,'2019-12','BRG001102019003',15),(10,'2019-12','BRG001102019004',10),(11,'2019-12','BRG007112019007',5);

/*Table structure for table `opname` */

DROP TABLE IF EXISTS `opname`;

CREATE TABLE `opname` (
  `id` int(8) NOT NULL AUTO_INCREMENT,
  `tanggal` date NOT NULL,
  `id_barang` varchar(24) NOT NULL,
  `stok_akhir` double NOT NULL,
  `stok_opname` double NOT NULL,
  `selisih` double NOT NULL,
  `keterangan` int(4) NOT NULL,
  `keterangan_lain` text,
  PRIMARY KEY (`id`)
) ENGINE=InnoDB AUTO_INCREMENT=208 DEFAULT CHARSET=latin1;

/*Data for the table `opname` */

insert  into `opname`(`id`,`tanggal`,`id_barang`,`stok_akhir`,`stok_opname`,`selisih`,`keterangan`,`keterangan_lain`) values (205,'2019-11-23','BRG001102019004',637.5,637.5,0,1,''),(206,'2019-11-23','BRG001102019003',50,45,-5,1,''),(207,'2019-11-23','BRG007112019007',53,53,0,1,'');

/*Table structure for table `pegawai` */

DROP TABLE IF EXISTS `pegawai`;

CREATE TABLE `pegawai` (
  `id_pegawai` varchar(24) NOT NULL,
  `nama_pegawai` varchar(64) NOT NULL,
  `jenis_kelamin` int(4) NOT NULL,
  `alamat` text NOT NULL,
  `telephone` varchar(16) NOT NULL,
  `email` varchar(64) NOT NULL,
  `tanggal_terdaftar` date NOT NULL,
  PRIMARY KEY (`id_pegawai`)
) ENGINE=InnoDB DEFAULT CHARSET=latin1;

/*Data for the table `pegawai` */

insert  into `pegawai`(`id_pegawai`,`nama_pegawai`,`jenis_kelamin`,`alamat`,`telephone`,`email`,`tanggal_terdaftar`) values ('PGW024092019001','SizkaLH',2,'Podorejo','085777888999','sizkalailatul96@gmail.com','2019-09-24'),('PGW026092019002','Jaya Arifin',1,'Pagerwojo','089999000888','sdj@gmail.com','2019-09-26'),('PGW026102019004','Nurillia Ainia Ratri',2,'Tulungagung','0895367255770','nurilliaaira.haltec@gmail.com','2019-10-26'),('PGW027092019003','Nurmala Sari',2,'Lamongan','089999000888','nurmala@gmail.com','2019-09-27');

/*Table structure for table `pembelian` */

DROP TABLE IF EXISTS `pembelian`;

CREATE TABLE `pembelian` (
  `id_pembelian` varchar(24) NOT NULL,
  `id_user` int(4) NOT NULL,
  `id_transaksi` varchar(24) DEFAULT NULL,
  `tanggal_pembelian` date NOT NULL,
  `id_supplier` varchar(24) NOT NULL,
  `cara_beli` int(4) NOT NULL,
  `id_pengambil` varchar(24) DEFAULT NULL,
  `nama_pengantar` varchar(64) DEFAULT NULL,
  `total_beli` double NOT NULL,
  `ppn_header` int(4) DEFAULT NULL,
  `nominal_ppn_header` double NOT NULL,
  `total_diskon` double DEFAULT NULL,
  `potongan` double DEFAULT NULL,
  `total_bayar` double NOT NULL,
  `jenis_pembayaran` int(4) NOT NULL,
  `bank` varchar(64) DEFAULT NULL,
  `status_pembelian` int(4) NOT NULL,
  PRIMARY KEY (`id_pembelian`)
) ENGINE=InnoDB DEFAULT CHARSET=latin1;

/*Data for the table `pembelian` */

insert  into `pembelian`(`id_pembelian`,`id_user`,`id_transaksi`,`tanggal_pembelian`,`id_supplier`,`cara_beli`,`id_pengambil`,`nama_pengantar`,`total_beli`,`ppn_header`,`nominal_ppn_header`,`total_diskon`,`potongan`,`total_bayar`,`jenis_pembayaran`,`bank`,`status_pembelian`) values ('PBL008112019004',1,'TRANS20191108001','2019-09-20','SPL025102019003',2,'PGW026102019004','',3600000,0,100000,5,20000,3400000,2,'Mandiri',1),('PBL012112019005',2,'TRANS001','2019-10-12','SPL025102019002',2,'PGW024092019001','',528000,0,48000,3,0,512160,1,'',1),('PBL012122019027',1,'TRANS20191212001','2019-12-12','SPL025102019002',2,'PGW024092019001','',243000,0,0,0,3000,240000,1,'',1),('PBL013122019028',1,'TRANS20191212002','2019-12-12','SPL025102019002',1,'','',37828125,0,0,0,0,37828125,1,'',1),('PBL019112019006',4,'TRANS20191119001','2019-09-19','SPL025102019003',2,'PGW026092019002','',75000,0,0,0,0,75000,1,'',1),('PBL020112019007',5,'TRANS20191120001','2019-11-20','SPL027092019001',2,'PGW024092019001','',25250000,0,0,10,0,22725000,1,'',0),('PBL020112019008',6,'TRANS20191120002','2019-08-20','SPL025102019003',2,'PGW026092019002','',25250000,0,0,0,0,25250000,1,'',1),('PBL020112019009',4,'TRANS20191120003','2019-09-20','SPL027092019001',1,'','Ica',125000,0,0,0,0,125000,1,'',1),('PBL023112019010',5,'TRANS20191120003','2019-10-23','SPL025102019003',2,'PGW026092019002','',30000,0,0,0,0,30000,1,'',1),('PBL023112019011',2,'TRANS20191120003','2019-12-23','SPL025102019003',2,'PGW026092019002','',30000,0,0,0,0,30000,1,'',1),('PBL023112019012',1,'TRANS20191120001','2019-10-23','SPL025102019003',2,'PGW026092019002','',75000,0,0,0,0,75000,1,'',1),('PBL023112019013',4,'TRANS20191119001','2019-11-23','SPL027092019001',2,'PGW026102019004','',30000,0,0,0,0,30000,0,'',1),('PBL023112019014',2,'TRANS20191120003','2019-11-12','SPL025102019002',2,'PGW026102019004','',55000,0,5000,0,0,55000,1,'',1),('PBL023112019015',1,'TRANS20191120003','2019-11-19','SPL025102019003',2,'PGW026102019004','',45000,0,0,0,0,45000,1,'',1),('PBL023112019016',4,'TRANS20191120003','2019-11-18','SPL025102019003',2,'PGW026102019004','',90000,0,0,0,0,90000,1,'',1),('PBL023112019017',5,'TRANS20191120001','2019-11-13','SPL025102019003',2,'PGW026102019004','',75000,0,0,0,0,75000,1,'',1),('PBL023112019018',6,'TRANS20191120003','2019-12-20','SPL027092019001',2,'PGW026102019004','',75000,0,0,0,0,75000,1,'',1),('PBL023112019019',2,'TRANS20191120001','2019-10-21','SPL025102019003',2,'PGW026102019004','',75000,0,0,0,0,75000,1,'',1),('PBL023112019020',1,'TRANS20191120001','2019-11-13','SPL025102019003',2,'PGW026102019004','',75000,0,0,0,0,75000,1,'',1),('PBL023112019021',4,'TRANS20191120001','2019-11-12','SPL025102019003',2,'PGW026102019004','',75000,0,0,0,0,75000,1,'',1),('PBL023112019022',5,'TRANS20191119001','2019-11-07','SPL025102019003',2,'PGW026092019002','',137500,0,12500,0,0,137500,1,'',1),('PBL023112019023',6,'TRANS20191120003','2019-10-21','SPL025102019002',2,'PGW026092019002','',250000,0,0,0,0,250000,1,'',1),('PBL025102019001',2,'TRANS20191024001','2019-10-24','SPL027092019001',2,'PGW026092019002','',350000,0,25000,5,2500,330000,2,'Mandiri',0),('PBL025102019002',1,'TRANS20191025001','2019-10-25','SPL025102019003',1,'','Agung Laksono',632500,0,57500,0,500,632000,1,'',1),('PBL025102019003',5,'TRANS20191025002','2019-10-25','SPL025102019002',2,'PGW024092019001','',1875000,1,125000,10,0,1687500,2,'BRI',1),('PBL028112019024',6,'TRANS20191128001','2019-11-28','SPL025102019002',2,'PGW026102019004','',2875000,0,125000,0,20000,2855000,1,'',1),('PBL028112019025',4,'TRANS20191128002','2019-11-28','SPL025102019003',1,'','COMP1',750000,0,0,0,0,750000,1,'',1),('PBL029112019026',1,'TRANS20191120001','2019-11-28','SPL025102019003',2,'PGW026102019004','',30000,0,0,0,0,30000,1,'',1);

/*Table structure for table `penjualan` */

DROP TABLE IF EXISTS `penjualan`;

CREATE TABLE `penjualan` (
  `id_penjualan` varchar(24) NOT NULL,
  `id_user` int(4) NOT NULL,
  `tanggal_penjualan` datetime DEFAULT NULL,
  `id_customer` varchar(24) NOT NULL,
  `cara_jual` int(4) NOT NULL,
  `id_pengantar` varchar(24) DEFAULT NULL,
  `nama_pengambil` varchar(64) DEFAULT NULL,
  `total_jual` double NOT NULL,
  `total_ppn_item` double NOT NULL,
  `ppn_header` int(4) DEFAULT NULL,
  `nominal_ppn_header` double NOT NULL,
  `total_diskon` double DEFAULT NULL,
  `potongan` double DEFAULT NULL,
  `total_bayar` double NOT NULL,
  `bayar` double NOT NULL,
  `kembali` double NOT NULL,
  `jenis_pembayaran` int(4) NOT NULL,
  `bank` varchar(64) DEFAULT NULL,
  `status_penjualan` int(4) NOT NULL,
  PRIMARY KEY (`id_penjualan`)
) ENGINE=InnoDB DEFAULT CHARSET=latin1;

/*Data for the table `penjualan` */

insert  into `penjualan`(`id_penjualan`,`id_user`,`tanggal_penjualan`,`id_customer`,`cara_jual`,`id_pengantar`,`nama_pengambil`,`total_jual`,`total_ppn_item`,`ppn_header`,`nominal_ppn_header`,`total_diskon`,`potongan`,`total_bayar`,`bayar`,`kembali`,`jenis_pembayaran`,`bank`,`status_penjualan`) values ('PJL013122019025',1,'2019-12-13 00:57:15','CTM025102019002',1,'PGW026102019004','',450000,0,0,0,0,0,450000,500000,50000,1,'',1),('PJL017112019001',1,'2019-09-06 00:00:00','CTM027092019001',1,'PGW027092019003','',212000,0,0,12000,2,760,207000,0,0,2,'Mandiri',1),('PJL017112019002',4,'2019-09-13 00:00:00','CTM025102019002',1,'PGW026092019002','',32000,0,0,0,1,680,31000,0,0,2,'Mandiri',1),('PJL017112019003',2,'2019-09-21 00:00:00','CTM025102019002',1,'PGW026102019004','',98000,0,0,6000,2,40,96000,0,0,1,'',1),('PJL018112019004',5,'2019-08-21 00:00:00','CTM025102019002',2,'','Sizka',258000,0,0,18000,2,840,252000,0,0,1,'',0),('PJL019112019005',6,'2019-10-19 00:00:00','CTM025102019002',1,'PGW026092019002','',400000,0,0,0,0,0,400000,0,0,1,'',1),('PJL019112019006',4,'2019-10-28 00:00:00','CTM027092019001',1,'PGW027092019003','',825000,0,0,75000,0,0,825000,0,0,1,'',1),('PJL019112019007',2,'2019-12-04 00:00:00','CTM025102019002',1,'PGW027092019003','',825000,0,0,75000,0,0,825000,0,0,1,'',1),('PJL019112019008',1,'2019-08-01 00:00:00','CTM025102019002',1,'PGW026092019002','',165000,0,0,15000,0,0,165000,0,0,1,'',1),('PJL019112019009',5,'2019-08-11 00:00:00','CTM025102019002',1,'PGW026092019002','',165000,0,0,15000,0,0,165000,0,0,1,'',1),('PJL020112019010',5,'2019-10-20 00:01:36','CTM025102019002',1,'PGW027092019003','',165000,0,0,15000,0,0,165000,0,0,1,'',1),('PJL020112019011',4,'2019-11-20 11:40:48','CTM025102019002',1,'PGW026102019004','',82500,0,0,7500,0,0,82500,0,0,1,'',1),('PJL023112019012',6,'2019-11-23 21:00:41','CTM025102019002',1,'PGW026092019002','',80000,0,0,0,0,0,80000,0,0,1,'',1),('PJL023112019013',5,'2019-11-23 21:01:26','CTM025102019002',1,'PGW026092019002','',80000,0,0,0,0,0,80000,0,0,1,'',1),('PJL023112019014',4,'2019-11-23 21:02:21','CTM025102019002',1,'PGW026092019002','',80000,0,0,0,0,0,80000,0,0,1,'',1),('PJL023112019015',2,'2019-11-23 21:05:03','CTM025102019002',1,'PGW026092019002','',80000,0,0,0,0,0,80000,0,0,1,'',1),('PJL023112019016',1,'2019-09-23 21:05:34','CTM025102019002',1,'PGW026102019004','',80000,0,0,0,0,0,80000,0,0,1,'',1),('PJL023112019017',4,'2019-11-23 21:06:46','CTM025102019002',1,'PGW024092019001','',32000,0,0,0,0,0,32000,0,0,1,'',1),('PJL023112019018',5,'2019-11-23 21:12:38','CTM025102019002',1,'PGW024092019001','',32000,0,0,0,0,0,32000,0,0,1,'',1),('PJL024112019019',6,'2019-11-24 15:22:22','CTM025102019002',1,'','',144000,0,0,6000,0,0,144000,0,0,1,'',1),('PJL024112019020',4,'2019-11-24 15:27:14','CTM027092019001',1,'PGW026092019002','',544500,0,0,49500,2,0,533610,0,0,1,'',1),('PJL027112019021',1,'2019-08-27 07:53:16','CTM025102019002',1,'PGW026102019004','',66000,0,0,6000,0,0,66000,70000,4000,1,'',1),('PJL029112019022',1,'2019-11-29 21:37:35','CTM027092019001',1,'PGW027092019003','',198000,0,0,18000,0,0,198000,200000,2000,1,'',1),('PJL029112019023',1,'2019-11-29 21:41:29','CTM025102019002',1,'PGW024092019001','',82500,0,0,7500,0,0,82500,85000,2500,1,'',1),('PJL030112019024',1,'2019-11-30 11:56:53','CTM025102019002',1,'PGW024092019001','',66000,0,0,6000,0,0,66000,70000,4000,1,'',1);

/*Table structure for table `produksi` */

DROP TABLE IF EXISTS `produksi`;

CREATE TABLE `produksi` (
  `id_produksi` varchar(24) NOT NULL,
  `id_user` int(4) NOT NULL,
  `tanggal_produksi` date NOT NULL,
  `id_bahan_baku` varchar(24) NOT NULL,
  `id_barang_produksi` varchar(24) DEFAULT NULL,
  `jumlah` double NOT NULL,
  `harga_produksi` double NOT NULL,
  `total_produksi` double NOT NULL,
  `status_produksi` int(4) NOT NULL,
  PRIMARY KEY (`id_produksi`)
) ENGINE=InnoDB DEFAULT CHARSET=latin1;

/*Data for the table `produksi` */

insert  into `produksi`(`id_produksi`,`id_user`,`tanggal_produksi`,`id_bahan_baku`,`id_barang_produksi`,`jumlah`,`harga_produksi`,`total_produksi`,`status_produksi`) values ('PRD003112019005',0,'2019-11-03','RSP029102019015','BRG001102019004',4,50000,200000,1),('PRD003112019006',0,'2019-11-03','RSP012102019010','BRG001102019004',2,0,0,0),('PRD003112019007',0,'2019-11-03','RSP012102019010','BRG001102019004',2,600000,1200000,1),('PRD003112019008',0,'2019-11-03','RSP012102019013','BRG001102019004',2,60000,120000,1),('PRD003112019009',0,'2019-11-03','RSP012102019011','BRG001102019004',2,50000,100000,0),('PRD003112019010',0,'2019-11-03','RSP012102019013','BRG001102019004',5,0,0,0),('PRD008112019011',0,'2019-11-08','RSP012102019013','BRG001102019004',5,50000,250000,1),('PRD008112019012',0,'2019-11-08','RSP012102019011','BRG001102019004',5,20000,100000,1),('PRD012112019013',0,'2019-11-12','RSP012112019020','BRG012112019008',5,20000,100000,1),('PRD012112019014',0,'2019-11-12','RSP001112019018','BRG001102019004',6,560000,0,1),('PRD019112019015',0,'2019-11-19','RSP019112019021','BRG018112019010',2,50000,100000,1),('PRD020112019016',0,'2019-11-20','RSP012112019020','BRG012112019008',2,20000,40000,1),('PRD021112019017',0,'2019-11-21','RSP012112019020','BRG012112019008',1.5,20000,30000,1),('PRD024112019018',0,'2019-11-24','RSP030102019016','BRG001102019004',3,100000,300000,1),('PRD024112019019',0,'2019-11-24','RSP012112019019','BRG001102019004',2,15000,30000,1),('PRD024112019020',0,'2019-11-24','RSP031102019017','BRG015102019006',1,600000,600000,1);

/*Table structure for table `satuan` */

DROP TABLE IF EXISTS `satuan`;

CREATE TABLE `satuan` (
  `id_satuan` int(4) NOT NULL AUTO_INCREMENT,
  `nama_satuan` varchar(64) NOT NULL,
  `alias` varchar(8) NOT NULL,
  PRIMARY KEY (`id_satuan`)
) ENGINE=InnoDB AUTO_INCREMENT=5 DEFAULT CHARSET=latin1;

/*Data for the table `satuan` */

insert  into `satuan`(`id_satuan`,`nama_satuan`,`alias`) values (1,'Kilogram','kg'),(3,'Biji','Biji'),(4,'Gram','gr');

/*Table structure for table `supplier` */

DROP TABLE IF EXISTS `supplier`;

CREATE TABLE `supplier` (
  `id_supplier` varchar(24) NOT NULL,
  `nama_supplier` varchar(64) NOT NULL,
  `alamat` text NOT NULL,
  `telephone` varchar(16) NOT NULL,
  `email` varchar(64) NOT NULL,
  `tanggal_terdaftar` date NOT NULL,
  PRIMARY KEY (`id_supplier`)
) ENGINE=InnoDB DEFAULT CHARSET=latin1;

/*Data for the table `supplier` */

insert  into `supplier`(`id_supplier`,`nama_supplier`,`alamat`,`telephone`,`email`,`tanggal_terdaftar`) values ('SPL025102019002','PT. Jaya Abadi','Mojokerto','087999000777','jayaabadi@gmail.com','2019-10-25'),('SPL025102019003','PT. Makmur Sejahtera','Banyuwangi','087888999000','makmursejahtera@gmail.com','2019-10-25'),('SPL027092019001','PT. Tani Jaya','Malang','087888999000','tanijaya@gmail.com','2019-09-27');

/*Table structure for table `user` */

DROP TABLE IF EXISTS `user`;

CREATE TABLE `user` (
  `id_user` int(4) NOT NULL AUTO_INCREMENT,
  `id_pegawai` varchar(24) NOT NULL,
  `hak_akses` int(4) NOT NULL,
  `username` varchar(64) NOT NULL,
  `password` varchar(64) NOT NULL,
  `status` int(4) DEFAULT NULL,
  `tanggal_terdaftar` date NOT NULL,
  PRIMARY KEY (`id_user`)
) ENGINE=InnoDB AUTO_INCREMENT=7 DEFAULT CHARSET=latin1;

/*Data for the table `user` */

insert  into `user`(`id_user`,`id_pegawai`,`hak_akses`,`username`,`password`,`status`,`tanggal_terdaftar`) values (1,'PGW024092019001',3,'admin','21232f297a57a5a743894a0e4a801fc3',1,'2019-09-26'),(2,'PGW026092019002',2,'jaya','ce9689abdeab50b5bee3b56c7aadee27',0,'2019-09-26'),(4,'PGW027092019003',1,'nurmala','60d075b97943df3727e2150ea7a20eb5',1,'2019-09-27'),(5,'PGW026102019004',3,'nurilliaratri','25f9e794323b453885f5181f1b624d0b',1,'2019-10-26'),(6,'PGW024092019001',3,'kasir','c7911af3adbd12a035b289556d96470a',1,'2019-11-28');

/*!40101 SET SQL_MODE=@OLD_SQL_MODE */;
/*!40014 SET FOREIGN_KEY_CHECKS=@OLD_FOREIGN_KEY_CHECKS */;
/*!40014 SET UNIQUE_CHECKS=@OLD_UNIQUE_CHECKS */;
/*!40111 SET SQL_NOTES=@OLD_SQL_NOTES */;
